{"cameraMode":{"drawMode":0,"name":"Shaded","section":"Shading Mode"},"sceneLighting":true,"audioPlay":false,"sceneViewState":{"m_AlwaysRefresh":false,"showFog":true,"showSkybox":true,"showFlares":true,"showImageEffects":true,"showParticleSystems":true,"showVisualEffectGraphs":true,"m_FxEnabled":true},"in2DMode":false,"pivot":{"x":3.8162002563476564,"y":-5.870461940765381,"z":2.1201393604278566},"rotation":{"x":0.30434679985046389,"y":-0.045668184757232669,"z":0.014646819792687893,"w":0.9514271020889282},"size":17.109914779663087,"orthographic":true}